{
	"id": "26c6fdd5-1996-4cc7-adf6-4e84b89c9135",
	"name": "GW Link Cloud API(2024.05.20)",
	"values": [
		{
			"key": "url",
			"value": "https://www.gocone.co.kr:5845",
			"enabled": true
		},
		{
			"key": "acsToken",
			"value": "",
			"type": "default",
			"enabled": true
		},
		{
			"key": "refToken",
			"value": "",
			"type": "default",
			"enabled": true
		},
		{
			"key": "deviceId",
			"value": "",
			"enabled": true
		},
		{
			"key": "category",
			"value": "",
			"enabled": true
		},
		{
			"key": "appid",
			"value": "",
			"enabled": true
		},
		{
			"key": "uid",
			"value": "",
			"enabled": true
		},
		{
			"key": "homeId",
			"value": "",
			"enabled": true
		},
		{
			"key": "roomId",
			"value": "",
			"enabled": true
		},
		{
			"key": "smartfnId",
			"value": "",
			"enabled": true
		},
		{
			"key": "irId",
			"value": "",
			"enabled": true
		},
		{
			"key": "remoteId",
			"value": "",
			"enabled": true
		},
		{
			"key": "categoryId",
			"value": "",
			"enabled": true
		},
		{
			"key": "gatewayId",
			"value": "",
			"type": "default",
			"enabled": true
		},
		{
			"key": "ticketId",
			"value": "",
			"type": "default",
			"enabled": true
		},
		{
			"key": "ticketKey",
			"value": "",
			"type": "default",
			"enabled": true
		}
	],
	"_postman_variable_scope": "environment",
	"_postman_exported_at": "2024-05-20T05:35:07.512Z",
	"_postman_exported_using": "Postman/11.1.2"
}